{"foreign": 0.01958585857996019, "amc": 0.0130339910536103, "swaps": 0.027387726960321022, "esplanade": 0.02637044929625105, "reset": 0.014840626283021071}