{"nature": 1.5544638739266272, "01": 0.13985597789151935, "commences": 1.115565019050931, "canada": 0.1456480303109469}