{"brand": 0.08945362178433586, "01": 0.13868543622640833, "arrangements": 0.06467946116389321, "canada": 0.14300367164253477}