{"01": 0.03282091430139264, "derivatives": 0.6771167202849048, "division": 1.5424989877725068, "exclude": 1.1863383070815867}