{"derivatives": 0.6944407084256482, "forecasts": 0.020372014284712504, "york": 0.021176042288097562, "acted": 1.427428640661034}