{"derivatives": 0.46033081486092364, "736amounts": 0.139535141547348, "discharging": 0.027017130008590858, "biographical": 0.03328000632360733}