{"derivatives": 0.4602968085707, "736amounts": 0.13953514154735017, "discharging": 0.027048731263595478, "biographical": 0.033575721957023665}