{"BENE": 6.8112737538393695, "BLM": 0.3641704398518398, "CACNA1D": 1.3986929967845505, "GZMB": 0.5442820632944132}