{"GATA3": 0.05316293751431824, "VGLL1": 0.05861791600392212, "CCL13": 0.05835923786913125, "INDO": 0.05333950296795953, "BENE": 0.08365380754959256, "TFF3": 0.16936202322146532}