{"FOXM1": 0.6025717014039338, "BLM": 0.8036320326385812, "BENE": 7.436034797497618, "CACNA1D": 0.9497132399854082}