{"accelerations": 0.8133297547203916, "prolongued_decelerations": 0.19840571608744784, "abnormal_short_term_variability": 0.13584460113998004, "mean_value_of_short_term_variability": 0.2466715350225161, "percentage_of_time_with_abnormal_long_term_variability": 0.10046038000143243, "histogram_mode": 0.08199028958971884}