{"prolongued_decelerations": 0.22055834688187992, "abnormal_short_term_variability": 0.15006911635789788, "mean_value_of_short_term_variability": 0.1209778295795739, "percentage_of_time_with_abnormal_long_term_variability": 0.04354259146764802, "histogram_mode": 0.10214710300428045, "histogram_mean": 0.2118846579964506}