{"accelerations": 0.7153373245425184, "prolongued_decelerations": 0.15414856357910411, "abnormal_short_term_variability": 0.04728195219028231, "percentage_of_time_with_abnormal_long_term_variability": 0.10017470327196488, "histogram_mode": 0.09445365136505142, "histogram_mean": 0.12112595728343664}