{"accelerations": 0.32741404784906575, "prolongued_decelerations": 0.21561376582779515, "abnormal_short_term_variability": 0.10083219248246246, "mean_value_of_short_term_variability": 0.35397419834370186, "percentage_of_time_with_abnormal_long_term_variability": 0.11893305098977536, "histogram_mean": 0.10877793328000561}