{"prolongued_decelerations": 0.16246977040472357, "percentage_of_time_with_abnormal_long_term_variability": 0.10287621628994231, "mean_value_of_long_term_variability": 0.08705874184368707, "histogram_min": 0.12854542528215135, "histogram_mode": 0.07668213239969919, "histogram_mean": 0.2535442607876562}