{"prolongued_decelerations": 0.19001626354495274, "abnormal_short_term_variability": 0.2478438301042172, "mean_value_of_short_term_variability": 0.2561777035396015, "percentage_of_time_with_abnormal_long_term_variability": 0.1509057042953574, "histogram_mean": 0.34643922564218493, "histogram_median": 0.030664720001142932}