{"baseline value": 0.03474656806669258, "accelerations": 0.01389756069926797}