{"accelerations": 0.41048785738810506, "prolongued_decelerations": 0.20211063609761515, "abnormal_short_term_variability": 0.1311343190386947, "mean_value_of_short_term_variability": 0.13985856406972047, "percentage_of_time_with_abnormal_long_term_variability": 0.0832783543054318, "histogram_mode": 0.08532962281814284, "histogram_mean": 0.07683655391747775}