{"RPL23": 0.4117360830600456, "SLC35B1": 2.090682089714601, "D8S2298E": 2.4643673780576307, "TFF3": 0.3788834329347415, "GNAZ": 0.3783833267302925, "STARD3": 0.8894560176192546}