{"GZMB": 0.5664264873719956, "BENE": 7.40666098407835, "BLM": 0.5596265553937219, "MELK": 0.6433022328409947, "CACNA1D": 1.128661047082907}