{"NAT1": 0.535703701403655, "IL6": 0.43997426657333166, "SORD": 0.4703643145239954, "BLM": 3.4854061854187526}