{"loss": 0.34300291813825684, "subordinated": 0.20776986191801244, "uncertain": 0.1352204979633947, "designated": 0.13354391917918312, "claims": 0.1348551020153456, "reset": 0.14154662634534487, "debt": 0.22206850868329855}