{"loss": 0.46663733238583927, "foreign": 0.5997460364744793, "invested": 0.29040583789081026, "losses": 0.4632520301221185, "uncertain": 0.6663133029741725, "claims": 0.3148532049248048}