{"NAT1": 2.748345152340491, "IL6": 2.1977370774381346, "C16orf45": 0.5604785470406815, "ST8SIA1": 0.668278295682996}