{"SORD": 0.06271525572254788, "LPIN1": 0.03784296143045343, "KIAA0040": 0.048416204123219356, "CDH3": 0.04052778887601209}