{"claims": 8.09449849057623, "nature": 0.5022114054224456, "derivatives": 1.8001287784379412, "commences": 0.39044775666781373}