{"MYB": 0.4984206323168728, "KIAA0040": 0.4115371941106144, "BLM": 3.5653669093137785, "CDH3": 0.40527775702006436}