{"claims": 7.547293522833396, "nature": 0.5022114054224456, "derivatives": 1.8001838114262594, "division": 0.5224593345680304}