{"IL6": 2.1979267168897114, "SORD": 0.06271525065640153, "KIAA0040": 0.04841692726698203, "CDH3": 0.040527788342794455}