{"claims": 8.737699982635592, "derivatives": 1.6108160428977023, "division": 0.5129311079200906}