{"SORD": 0.06271525554101638, "C16orf45": 0.5604789185920457, "ST8SIA1": 1.585163146991279, "CDH3": 0.0405277885816076}