{"invests": 3.500139229958204, "portfolio": 5.3165633845860025, "design": 0.4199243981074402, "153": 0.25845233799035233, "deducted": 3.5050820539525778, "supplier": 0.24727513908329474}