{"CLCN4": 0.04336223411277271, "IL6": 1.9325377488131863, "CDH3": 0.04794956433491928, "SORD": 0.051983247822056135, "KIAA0040": 0.04166294184294747}