{"accelerations": 0.32363993767129584, "fetal_movement": 0.3998984946446258, "uterine_contractions": 0.32345779116044127, "mean_value_of_short_term_variability": 1.1175304638210284, "percentage_of_time_with_abnormal_long_term_variability": 1.7645130458751956, "histogram_mean": 0.2964685141289983}