{"baseline value": 0.6167503368559872, "accelerations": 0.5760521949976979, "percentage_of_time_with_abnormal_long_term_variability": 0.355011705745238, "histogram_min": 0.3596764687119955, "histogram_mode": 0.4674163955099074, "histogram_mean": 0.9134418057942546, "histogram_median": 0.6838915680447578}