{"baseline value": 0.5019054203129726, "accelerations": 0.5333845169288707, "percentage_of_time_with_abnormal_long_term_variability": 2.647828934658352, "mean_value_of_long_term_variability": 0.366769618899294, "histogram_number_of_peaks": 0.7318149111822563, "histogram_mean": 0.32314601849002783}