{"fetal_movement": 0.5946859203732031, "percentage_of_time_with_abnormal_long_term_variability": 1.5315092710174283, "mean_value_of_long_term_variability": 0.24687602470430708, "histogram_max": 1.321759911785644, "histogram_number_of_peaks": 0.37047816858750277, "histogram_variance": 0.21176309929714615}