{"fetal_movement": 0.48564705899696325, "uterine_contractions": 0.35695494067878375, "light_decelerations": 0.06242052688897807, "mean_value_of_short_term_variability": 1.3090176589978681, "mean_value_of_long_term_variability": 0.19924296742288106, "histogram_min": 0.18704547528587212}