{"baseline value": 0.8139016970508063, "accelerations": 0.11760145819092718, "light_decelerations": 0.08763726520581124, "mean_value_of_short_term_variability": 2.7758993435810124, "histogram_max": 0.7542939010224535, "histogram_number_of_peaks": 0.17996939274373427}