{"accelerations": 0.5359336092825158, "light_decelerations": 0.06233611473560123, "mean_value_of_long_term_variability": 0.17987622666315953, "histogram_width": 0.12873821239303254, "histogram_max": 1.0682827649312905, "histogram_mean": 1.1296601776448567}