{"baseline value": 0.33529628443305654, "accelerations": 0.37279025706649305, "fetal_movement": 0.28557487549142857, "mean_value_of_short_term_variability": 0.8849277429270808, "percentage_of_time_with_abnormal_long_term_variability": 1.376631868762851, "histogram_mean": 0.41650727511677227}