{"CLCN4": 0.12939191148947946, "KIAA0040": 0.2390855660551723, "IL6": 0.21481901177398793, "C16orf45": 0.2197217181767404, "BLM": 1.2204845618123703, "NCK1": 0.1238775820642061, "NAT1": 0.41766436643791577}