{"BLM": 0.8976363858572929, "CDH3": 0.36433563312671885, "ST8SIA1": 0.31223763958193934, "IL6": 0.3237483325644016}