{"Na": 0.22086286629606414, "Mg": 0.026609769479146356}