{"ESR1": 6.721086595178106, "GATA3": 0.23970586569007332, "BTG3": 0.13799009358823922, "SORD": 0.19825777924287735, "CACNA1D": 0.136966604584484, "ERBB3": 0.14900020308485853}