{"FOLR1": 0.3559656065235566, "NSEP1": 0.4449095897718786, "VLDLR": 0.36605372500819455, "SLC2A1": 0.29213281062652, "ELF3": 0.32037031967759827}