{"ESR1": 0.1977300019645527, "NAT1": 0.07250136427089982, "CP": 0.2748405480831908, "CHAD": 0.06559262314585546, "TFF3": 0.06677046240507914}