{"ESR1": 6.526064937476167, "GATA3": 0.23970586325292148, "SORD": 0.19825779898276388, "ERBB3": 0.14900020014158424}