{"ESR1": 6.522169857057387, "GATA3": 0.23970586353139295, "SORD": 0.19825779768196006, "ERBB3": 0.14900029288275984}