{"ESR1": 0.11825524346501379, "GATA3": 0.14993820282720086, "BTG3": 0.07673624746105122, "NAT1": 0.10854046163231301, "CP": 0.07913656494971631}