{"ESR1": 0.11405903631052136, "TFF3": 0.10527277127411355, "ERBB4": 0.06673745843934367, "PTX3": 0.06413763508846887}