{"ESR1": 5.807673512296501, "GATA3": 0.23970588979820825, "GLI3": 0.13588923984071072, "BTG3": 0.1379900670715563, "CACNA1D": 0.1369665887018891, "ERBB3": 0.1490002005975021}