{"FGFBP1": 0.08565957110153433, "TFF3": 0.07943608739717196, "C4A": 0.07609289695207833, "LY6D": 0.290893020183184}