{"uterine_contractions": 0.3104284406338455, "mean_value_of_short_term_variability": 1.1510041653746146, "percentage_of_time_with_abnormal_long_term_variability": 5.622121868514239, "histogram_width": 0.09273886345482098, "histogram_tendency": 0.07241265208569324}