{"fetal_movement": 1.0592986922609422, "prolongued_decelerations": 1.771362894144656, "abnormal_short_term_variability": 0.465863299814357, "histogram_mode": 0.8257704432140063, "histogram_mean": 2.9083454224457945, "histogram_median": 0.9130940604712464}