{"uterine_contractions": 0.48721121834635617, "abnormal_short_term_variability": 2.1322328163308155, "mean_value_of_short_term_variability": 1.368262344687087, "percentage_of_time_with_abnormal_long_term_variability": 3.9772400540808994, "histogram_width": 0.3964696082523204, "histogram_median": 0.13294932447850483}