{"uterine_contractions": 0.17295286364229914, "abnormal_short_term_variability": 2.722378871445097, "mean_value_of_short_term_variability": 0.186207988936133, "mean_value_of_long_term_variability": 0.033670918833717485, "histogram_width": 0.49699250393865685, "histogram_median": 0.06111254721733217}