{"fetal_movement": 0.11367655960631942, "uterine_contractions": 0.25151232035043336, "prolongued_decelerations": 0.12783308284936573, "abnormal_short_term_variability": 0.3946917698738944, "mean_value_of_short_term_variability": 0.9733158215849561, "percentage_of_time_with_abnormal_long_term_variability": 4.6038887636187615}