{"accelerations": 0.0729405901085441, "fetal_movement": 0.31854576055219114}