{"RI": 0.03671792374914916, "Mg": 0.325651093207411}