{"BTG3": 0.06798293171963161, "ESR1": 7.357112025143992, "BCL2": 0.06812401791474397, "CHI3L1": 0.05332756534428267, "COMP": 0.05769240769668276, "SORD": 0.04873581477105237}