{"ESR1": 6.682694774418817, "UGCG": 0.17048106520449555, "LRRC17": 0.1460405594915707, "C4A": 0.18981578474653737, "CACNA1D": 0.13935678181522945}