{"Na": 0.19160442714211784, "Al": 1.4944996553983314, "K": 0.06367647902330914}