{"Mg": 0.05860515820746718, "Si": 1.2850469628336763}