{"Al": 0.11039356242678633, "Si": 0.17713920575216355, "K": 1.6195274405545748}