{"F10": 0.38352304822790567, "F11": 0.42136538896089326, "F6": 0.36945162143507, "F7": 0.4354368157539157}