{"F1": 0.12095559233356394, "F2": 0.12002269258480698, "F3": 0.21784172973922136, "F10": 0.41642882612711096, "F11": 0.39925119993116875}