{"F1": 0.1209555923335874, "F2": 0.12002269258480602, "F3": 0.21784172973934726, "F6": 0.7157159768748437, "F7": 0.4568240605840594}