{"F10": 0.41642882612701254, "F11": 0.39925119993110136, "F6": 0.7157159768746028, "F7": 0.4568240605840558}