{"F1": 0.2933350183878243, "F6": 0.3694516214350693, "F7": 0.4354368157541197}