{"F1": 0.12095559233356379, "F2": 0.120022692584807, "F3": 0.21784172973922258, "F10": 0.41642882612711163, "F11": 0.39925119993116975}