{"F1": 0.1209555923335868, "F2": 0.120022692584806, "F3": 0.21784172973934732, "F6": 0.7157159768748467, "F7": 0.4568240605840595}