{"F1": 0.12095559233358665, "F2": 0.120022692584806, "F3": 0.21784172973934726, "F6": 0.7157159768748423, "F7": 0.45682406058405894}