{"F1": 0.12095559233356384, "F2": 0.12002269258480701, "F3": 0.21784172973922203, "F10": 0.4164288261271105, "F11": 0.3992511999311686}