{"F1": 0.29333501838790865, "F10": 0.3835230482280479, "F11": 0.4213653889606845}