{"F1": 0.12095559233356379, "F2": 0.12002269258480701, "F3": 0.21784172973922497, "F10": 0.4164288261271117, "F11": 0.39925119993117075}