{"F1": 0.25903468732707424, "F10": 0.27201742787631783, "F11": 0.4274181115782326}