{"F10": 0.3364476747034575, "F11": 0.37534369649618915, "F6": 0.4739808382170835, "F7": 0.23781053298237426}