{"F1": 0.12095559233358728, "F2": 0.12002269258480602, "F3": 0.21784172973934723, "F6": 0.7157159768748436, "F7": 0.4568240605840594}