{"F1": 0.12095559233358646, "F2": 0.12002269258480602, "F3": 0.2178417297393473, "F6": 0.715715976874845, "F7": 0.45682406058405933}