{"F1": 0.120955592333587, "F2": 0.12002269258480602, "F3": 0.2178417297393472, "F6": 0.7157159768748432, "F7": 0.4568240605840594}