{"Unnamed: 0": 0.06006019278328978, "Unnamed: 0.1": 0.060106557140118644, "F4": 0.040819156968306035, "F5": 0.039602994557925646, "F6": 0.041938366523930036, "F7": 0.04160519132199787}