{"F1": 3.0321615147956664, "F2": 3.0272278143086635, "F6": 3.2079119977611}