{"Unnamed: 0": 0.02661825949420145, "Unnamed: 0.1": 0.02656656173858418, "F1": 0.024497793150324562, "F3": 0.02460217758524246, "F4": 0.050411039760290564, "F5": 0.04803706964587544}