{"Unnamed: 0": 0.03781309887664957, "Unnamed: 0.1": 0.037719592391237296, "F7": 0.044904020752637774, "F6": 0.04649488981877291}