{"F7": 0.043449668189549186, "F4": 0.04672358228184793, "F6": 0.04446098229223888}