{"F1": 0.026760564173179683, "F2": 0.025902432808311223, "F3": 0.02574865688674501, "F6": 0.0527879276584587, "F7": 0.04959362310521641}