{"F1": 0.06576964227396634, "F2": 0.08752731040001595, "F12": 0.1029864798823865}