{"F19": 15.945086948347072, "F21": 0.2744039640699134, "F22": 0.17664067040519996, "F23": 0.31348158668426784, "F24": 0.3526194448516149}