{"F6": 16.513667730018668, "F21": 0.23495853552327484, "F22": 0.37237695316876784, "F23": 0.19631483722329068, "F24": 0.33315621603225437}