{"F2": 0.11116749479838281, "F3": 0.05906532367520479, "F4": 0.01255129196936446, "F5": 0.06898530648876514}