{"F19": 15.94501552621665, "F21": 0.27437968332007956, "F22": 0.17660909630201058, "F23": 0.3134956963714052, "F24": 0.3525751840344943}