{"Unnamed: 0": 0.1747281185199321, "F1": 0.25292973537028957, "F2": 0.01633856509600573}