{"F3": 6.045650252722899, "F4": 6.300923591105232, "F5": 3.7748567655638863, "F22": 0.3915592300583844, "F23": 0.25491518588219864, "F24": 0.2551513605075797}