{"F24": 0.3918452008077025, "F21": 0.23524124583301392, "F6": 16.513622623098122, "F22": 0.35250689039629285}