{"F3": 6.045685358460505, "F4": 6.300927426298524, "F5": 3.77483919434499, "F22": 0.3915956650436561, "F23": 0.2549358958776236, "F24": 0.25511781052846166}