{"F19": 15.945049189781733, "F21": 0.3130509395219092, "F22": 0.2940561490942529, "F23": 0.17665514765440943, "F24": 0.3333039589874303}