{"F19": 15.94502997987098, "F21": 0.2743738880388846, "F22": 0.17662162984701404, "F23": 0.31348086484532184, "F24": 0.3525719308249202}