{"F3": 6.51510502246938, "F4": 4.703022791211417, "F5": 4.90322839909418, "F21": 0.27471227000149306, "F22": 0.3328909986495515, "F23": 0.27424570185985886, "F24": 0.2547744341186592}