{"F6": 16.513590859491682, "F21": 0.2349486892786937, "F22": 0.37233888048597813, "F23": 0.1962700757725694, "F24": 0.333085797745734}