{"F19": 15.945144728129787, "F21": 0.27440664031704476, "F22": 0.17666374187746425, "F23": 0.31350846014857414, "F24": 0.35262224609007686}