{"F3": 6.045654495667154, "F4": 6.300877570694339, "F5": 3.774821847107141, "F22": 0.3915553014470509, "F23": 0.254894110814993, "F24": 0.2551084236399347}