{"F6": 16.51371979751624, "F21": 0.23495313254900613, "F22": 0.37233196997663703, "F23": 0.19625393073222297, "F24": 0.3330895023380825}