{"F19": 15.94507796722213, "F21": 0.2743681173316284, "F22": 0.17661288599286035, "F23": 0.3134780415623914, "F24": 0.35256791357875883}