{"Unnamed: 0": 0.21925813873672814, "F1": 0.1662532381480007, "F6": 0.12830095224563628}