{"F17": 1.8202637462025393, "F4": 1.5826218780371593, "F6": 1.4314319537501914, "F15": 1.636583902870267}