{"F16": 1.5736086882284308, "F4": 1.7565161193271186, "F5": 1.864881715672846}