{"F17": 1.4928691866320716, "F5": 1.3042186872876436, "F7": 1.3575774167977557, "F16": 2.439730442119091}