{"F20": 1.619419131952363, "F12": 2.4818368281479337, "F13": 2.3595615964843133, "F14": 1.5689407903944477}