{"F6": 1.4314319537501914, "F12": 1.7768361291867647, "F13": 1.3707566709616166, "F14": 2.279134747888827, "F20": 1.9497813259950558}