{"F9": 4.58097608440677, "F19": 3.1896973859467748, "F6": 1.4314319537501914, "F7": 0.9136481211698729}