{"F9": 3.928323813670185, "F19": 4.101434533308761, "F7": 0.8708736315087757}