{"F20": 1.725495412301747, "F12": 2.1885107042237553, "F13": 1.6599793468761634, "F14": 1.9312180320437982}