{"F19": 4.1266713046908405, "F9": 3.9034282017763324, "F11": 1.0268741656382254}