{"F20": 1.773942809561651, "F12": 1.9304753057404513, "F13": 1.7281845366406392, "F14": 2.5974968545224435}