{"F20": 2.1169971021626277, "F12": 1.8502401681959753, "F13": 2.803874040978103, "F14": 1.9923689939953293}