{"F16": 1.5928233856797211, "F17": 1.6522860214151764, "F4": 1.7287083073664835, "F15": 1.7425014226626288}