{"F17": 1.4928691866320831, "F5": 1.3042186872876527, "F7": 1.3575774167977561, "F16": 2.439730442119072}