{"F20": 1.725495412301763, "F12": 2.1885107042237135, "F13": 1.6599793468761554, "F14": 1.9312180320437986}