{"F20": 1.7254954123017572, "F12": 2.1885107042237055, "F13": 1.6599793468761435, "F14": 1.9312180320438144}