{"F4": 0.08180651790471467, "F5": 0.08204733216395987, "F6": 0.08362431360029071, "F7": 0.08271673352071057, "F8": 0.31902388791534625, "F9": 0.32090323862745634}