{"F10": 0.22475609980428202, "F11": 0.22605981824297866, "F12": 0.2209886057026738}