{"F15": 3.107739627530968, "F12": 2.6371127912277625, "F13": 2.3725432385623013, "F14": 3.2172267347775327}