{"F4": 0.08254087482163064, "F5": 0.08237683263467699, "F7": 0.081215589983269, "F13": 0.3194620756475205, "F14": 0.31925821696866485}