{"F4": 0.07415472326912967, "F5": 0.07408233000936151, "F6": 0.0746322532544165, "F7": 0.07262363390224308, "F8": 0.2818598881481028, "F9": 0.2833977553316056}