{"F15": 3.1077396275309677, "F12": 2.6371127912277617, "F13": 2.3725432385623018, "F14": 3.2172267347775314}