{"F7": 0.07405001427107763, "F14": 0.29083124013169614, "F5": 0.07512209323396099, "F13": 0.29119174067419357}