{"F6": 0.9392624635755302, "F7": 4.992877101127519, "F8": 5.392467392168461, "F9": 4.4984777738915716, "F21": 0.36124921265905163, "F24": 0.2959273514180548}