{"F12": 4.415107538264662, "F13": 3.919901240441748, "F14": 4.125286523923112, "F15": 4.4650072432634635, "F22": 0.31377676843572766, "F23": 0.3136749135525603}