{"F12": 4.41507767620062, "F13": 3.919865579073041, "F14": 4.125259257010044, "F15": 4.464986608281873, "F22": 0.31379234929662214, "F23": 0.31365894735559396}