{"F10": 9.0648900360516, "F11": 6.8604133062512895, "F21": 0.3525959220199979, "F22": 0.19598520083141435, "F23": 0.2938198412544328, "F24": 0.2942098603265834}