{"F6": 0.9392561698342222, "F7": 5.064319017324532, "F8": 5.431519378198535, "F9": 4.500643113020538, "F21": 0.3376696389612195, "F24": 0.26985047544855933}