{"F6": 0.9511706959328341, "F7": 4.830936904010417, "F8": 5.543213788467378, "F9": 4.429803644692613, "F21": 0.3347474174471713, "F23": 0.32984199017230925}