{"F12": 5.93352152685158, "F13": 3.124929144964855, "F14": 3.3312830870591448, "F15": 4.535438963332905, "F22": 0.3135409389418424, "F23": 0.33336884367931896}