{"F2": 0.016295692476785504, "F3": 0.05743847075619137, "F4": 0.10900497263529517, "F5": 0.05955022206053069}