{"F2": 0.06975314163270101, "F3": 0.10024624830228226, "F4": 0.024357166250027065, "F5": 0.07047320288114563}