{"F10": 8.113568890186356, "F11": 7.811719807374392, "F21": 0.2547426079871121, "F22": 0.156929810350494, "F23": 0.5287297649964683, "F24": 0.19620578857189758}