{"F2": 0.06069627755348742, "F5": 0.21557884310093312}