{"F10": 9.064869047145695, "F11": 6.860363317349506, "F21": 0.3525697812870977, "F22": 0.19597595005681978, "F23": 0.2938048011189242, "F24": 0.2941810962639575}