{"F12": 4.415094039923192, "F13": 3.919845528965437, "F14": 4.125248668807626, "F15": 4.465003074979607, "F22": 0.31379985046770087, "F23": 0.3136854514917048}