{"F10": 9.064861017587488, "F11": 6.860393111603485, "F21": 0.352595999525557, "F22": 0.19598651974014217, "F23": 0.2938100199209633, "F24": 0.2941930161015291}