{"F6": 0.9391737317675857, "F7": 5.007611238543079, "F8": 5.419513026699419, "F9": 4.415898471429098, "F21": 0.3831330629452582, "F24": 0.29158505730985307}