{"F6": 0.7912567354147941, "F7": 4.926985441154444, "F8": 5.394929742164498, "F9": 4.468069721761563, "F21": 0.3560670106286888, "F24": 0.2959750467538357}