{"F23": 3.184323257757237, "F24": 1.7929552050365722, "F21": 3.9468495388533937, "F22": 1.4837642577581345}