{"F23": 3.1843232577572396, "F24": 1.792955205036576, "F21": 3.9468495388533915, "F22": 1.483764257758134}