{"F23": 3.1843232577572507, "F24": 1.7929552050365758, "F21": 3.9468495388533715, "F22": 1.4837642577581325}