{"F16": 5.681986342727368, "F20": 5.581349116081804}