{"F16": 4.932900727519555, "F20": 6.330434731285843}