{"F23": 3.184323257757232, "F24": 1.792955205036602, "F21": 3.946849538853408, "F22": 1.4837642577581542}