{"F16": 0.35939026092438947, "F17": 1.1775850509656236, "F21": 1.5686666608823296, "F22": 0.8240729033402582, "F23": 1.266706519819389, "F24": 0.9442227819107083}