{"F4": 0.24081431950923432, "F17": 0.2496329301215066, "F21": 1.054405267666517, "F22": 1.8427436670459443, "F23": 0.94113450736406, "F24": 0.5568210231854179}