{"F16": 10.49331789743842, "F20": 6.039932218674043, "F21": 0.2937530996470086, "F22": 0.2548515351197909, "F23": 0.25474268387039456, "F24": 0.31366292840419946}