{"F8": 0.15460934456799175, "F2": 0.01210459007008415, "F7": 0.19829759781795142}