{"Unnamed: 0": 0.17502564648214636, "F2": 0.01684982811076796, "F6": 0.17228802633780924}