{"F17": 1.1247528354495884, "F20": 0.45438821844922966, "F21": 1.7580642597174685, "F22": 0.8305639291321288, "F23": 1.4416855823098897, "F24": 0.8042593038025706}