{"F7": 0.36555118798172237, "F17": 0.46015124386258155, "F21": 0.8131768820401186, "F22": 1.3508022835096019, "F23": 1.0626428534333472, "F24": 1.020926605026521}