{"F16": 9.288349075769034, "F20": 7.244884264973619, "F21": 0.17640975199312586, "F22": 0.3526933848248973, "F23": 0.19611497796177824, "F24": 0.39180971705885465}