{"F9": 0.2519507147788236, "F19": 0.3307941652678188, "F21": 0.9014806531452366, "F22": 1.2360049509902855, "F23": 1.2491678572683325, "F24": 1.0441183393762623}