{"F17": 1.2801637214591515, "F20": 0.22360139677060234, "F21": 1.5638550618213323, "F22": 0.8306946892788419, "F23": 1.310771175683582, "F24": 0.8052962977921206}