{"F8": 0.21736434426962473, "F7": 0.13586094515536198}