{"F17": 0.3681922900063136, "F20": 0.2233351202558418, "F21": 1.6297819660899502, "F22": 0.7772544338285183, "F23": 1.1491213500818211, "F24": 0.8843082723907081}