{"F4": 0.5478533493233587, "F7": 0.2860819182733331, "F21": 0.7657234113690908, "F22": 1.278643327814202, "F23": 1.2456638504775897, "F24": 1.150830698529471}