{"F17": 0.5594893179390884, "F20": 0.21877752018124125, "F21": 0.7262873138834736, "F22": 1.3637721126366584, "F23": 0.634498065931102, "F24": 1.7565297890744778}