{"F17": 0.48999317072374027, "F19": 0.2894849586874759, "F21": 0.8031375203952673, "F22": 1.3631771319411305, "F23": 1.2418281261126174, "F24": 0.7855309617981915}