{"F16": 10.493405208923008, "F20": 6.03995457144558, "F21": 0.2937840033559367, "F22": 0.25491185964843766, "F23": 0.2547867830573613, "F24": 0.31374394473047273}