{"F16": 10.493282653934555, "F20": 6.039909674611256, "F21": 0.2937615558176989, "F22": 0.2548543326337112, "F23": 0.2547408534797104, "F24": 0.31366703150153313}