{"user": 0.03780594709531095, "sad": 0.007328014315531558, "best": 0.002850871047669834, "url": 0.03832281601523853, "cia": 0.21921537794048518, "antifa": 0.01580260198704599}