{"damn": 0.9074431462934862, "url": 0.26885992693292415}