{"user": 0.037817135256401645, "url": 0.03832281601523852, "antifa": 0.01577759000474675, "mouth": 0.6565664811499498, "sad": 0.0073271833047675065}