{"hell": 0.32106792039633814, "url": 0.1944885034027934}