{"look": 0.3209475246019149, "url": 0.1944885034027928}