{"likely": 0.0016174480451471827, "like": 0.0020017482421437346, "user hoping": 0.0006905150154736957, "best": 0.002453083143761949, "user user": 0.019945750664604276, "sad": 0.007552736798309729}