{"user": 0.04092883499532768, "sad": 0.007552736798309733, "best": 0.0028508710476698347, "url": 0.06406597463272073, "amp": 0.22768076515179397, "trump": 0.025675552913732788, "antifa": 0.016057894767613372}