{"sad": 0.0075527367983097326, "like": 0.0020017482421437346, "best": 0.00230427964031727, "url": 0.028840365153656206, "user user": 0.018212650714110223, "user user user user user": 0.18591615439925666, "antifa": 0.01575630017591637}