{"sad": 0.0075527367983097326, "like": 0.002001748242143733, "best": 0.0028815336495142023, "lying": 0.206338822105557, "url": 0.03832281601523853, "antifa": 0.015756300175916393}