{"antifa": 0.015766945090331608, "hate": 0.7603890720860195, "url": 0.03832281601523853}