{"url": 0.038322816015238535, "folks": 0.5795401600411862, "antifa": 0.015756300175916248, "user user": 0.05455196365624198, "sad": 0.007552736798309728}