{"user": 0.03507666163099109, "url": 0.038322816015238535, "antifa": 0.015660825408345666, "sad": 0.00743778932227649, "does": 0.3590837792996171}