{"user": 0.021113434399738642, "sad": 0.007552736798309731, "url": 0.03832281601523853, "man": 0.04950719350145315, "black": 0.725663000290328, "user user": 0.054240305176971204, "antifa": 0.035232913501259726}