{"user user": 0.023462436339235133, "antifa": 0.01844528028951109, "death": 1.0892694201396709, "url": 0.03647091652650511}