{"user user": 0.019945750664604328, "doubt": 1.1060750861851734, "antifa": 0.015756300175916352, "url": 0.017638690800097653}