{"republicans": 0.6654486218435522, "url": 0.03832281601523853, "antifa": 0.0157563001759164, "user user": 0.019945750664604318, "sad": 0.0075527367983097326}