{"integrity gets today matters": 0.0004378708627791515, "fundamentally dishonest people url": 0.0006204036866796931, "voice head transfer money": 0.00040061880089385047, "influence": 0.0004780047177173089, "honestly integrity": 0.000521712743669406, "dishonest": 0.0006512027827061032, "money credit card": 0.00043893620574020874, "honestly integrity gets today matters": 0.00040424319161837236, "dishonest people url": 0.0004202136506434983}