{"terrorist": 0.8240847572369141, "user user": 0.023472670201897715, "url": 0.03832281601523853}