{"user": 0.04071115804010294, "sad": 0.007328459316055507, "majority": 0.2615316640177034, "best": 0.002850871047669835, "url": 0.03832281601523853, "antifa": 0.015777590004746687}