{"user user": 0.02347267020189771, "corrupt": 0.8744368838497542, "antifa": 0.015756300175916303, "url": 0.03832281601523853}