{"entire": 1.0566589097649823, "user": 0.04092883499532765, "antifa": 0.015777590004746697, "url": 0.03832281601523853}