{"user": 0.005076130316645165, "sad": 0.0074446756902481585, "men": 0.43034167993817185, "like": 0.018015734179295396, "url": 0.03832281601523853, "antifa": 0.01576694509033157}