{"user": 0.028262109214487616, "sad": 0.007496246117510256, "going": 0.44495606749264555, "url": 0.03785988136106103, "user user": 0.009665815734216505, "antifa": 0.01584213351504378}