{"sad": 0.007552736798309732, "user": 0.037884124233685076, "antifa": 0.015777590004746773, "going": 0.4449560674926474}