{"user": 0.06485921775370948, "ms": 0.8596491670621951, "url": 0.03832281601523853, "user user": 0.05424030517697137, "antifa": 0.015777590004746787}