{"user": 0.0378117677480069, "url": 0.06406597463272073, "amp": 0.8600477319469618, "trump": 0.02567555291373282, "antifa": 0.016247216716476026}