{"likely": 0.001617448045147181, "user": 0.010511386094335044, "sad": 0.0074667614228331874, "like": 0.002001748242143732, "user hoping": 0.0006905150154736899, "url": 0.032875242036060764, "antifa": 0.015769074073214578}