{"user": 0.0347594020889871, "did": 0.0034767085247369538, "antifa": 0.015777590004746787, "sad": 0.007331864643370692, "think": 0.32827322713395723}