{"user": 0.06485921775370988, "sad": 0.007552736798309732, "url": 0.03832281601523853, "hate": 0.4390689577906515, "user user": 0.05424030517697096, "antifa": 0.015777590004746843}