{"liberal.s.02": 0.38782684062159833, "erectile_dysfunction.n.01": 0.3432902887579985, "hat.v.02": 1.4584193864720874, "shrink.v.03": 0.3673687828304537, "california.n.01": 0.6496951028238982, "show.v.01": 0.4801488378318026}