{"user": 0.040928834995327595, "sad": 0.007552736798309732, "lying": 0.377915717204513, "url": 0.03832281601523852, "user user": 0.00995835542685613, "antifa": 0.015777590004746794}