{"sad": 0.00755273679830973, "liberals": 0.009596078347321678, "url": 0.03832281601523853, "truth": 0.3692028073369668, "user user": 0.02347267020189772, "antifa": 0.015756300175916362}