{"user": 0.057953488614082005, "does": 0.35908377929961727, "sad": 0.007552736798309731, "url": 0.03832281601523855}