{"fight": 0.44747880362495107, "url": 0.038322816015238535, "antifa": 0.015756300175916414, "user user": 0.023472670201897715, "sad": 0.00755273679830973}