{"user": 0.06485921775370995, "sad": 0.007552736798309731, "url": 0.03832281601523853, "wing": 0.3310492781297691, "user user": 0.054240305176971156, "antifa": 0.015777590004746725}