{"url": 0.03832281601523854, "antifa": 0.01575630017591637, "user user": 0.018212650714110202, "user user user user user": 0.37562651603116376, "sad": 0.007552736798309732}