{"user": 0.017642599302595343, "sad": 0.007552736798309729, "did": 0.0034767085247369663, "url": 0.03832281601523852, "user user": 0.0050958904469485125, "antifa": 0.015766945090331542, "think": 0.32827322713396484}