{"political.a.03": 0.002928024529498867, "trying.s.01": 0.0019358537504979758, "manipulate.v.05": 0.0019552011838519785, "law.n.06": 0.0019006651789560108, "run.v.06": 0.0029111864489643016}