{"anna.n.01": 0.163142482375621, "college.n.01": 0.024400992499067742, "": 0.04792474258917356, "trojan.n.02": 0.029046721351727867, "terry.n.02": 0.017392319232994002}