{"thirty-two.s.01": 0.036371284910652446, "round_off.v.03": 0.34493473245022804}