{"chitter.v.01": 0.02175884254648225, "harbor.v.01": 0.24308214171857323}