{"gemini.n.03": 0.15997425662474407, "cast.v.07": 0.11056000519551445}