{"travel.v.01": 0.009109079914233265, "kind.s.03": 0.05652298880294615, "setting.n.02": 0.20454717782611798}