{"free-base.v.01": 0.09502482118491873, "event.n.03": 0.008389434765360693, "year.n.03": 0.13360555015822734, "groping.s.01": 0.03306478820703479, "violent.s.03": 0.05471852863754567}