{"highlight.v.02": 0.053341538671308975, "victor.n.01": 0.046036252662569, "": 0.048653287473410356, "year.n.03": 0.14881800819002705, "manipulate.v.05": 0.013929947405669885}