{"think.v.13": 0.16096289337265063, "testify.v.02": 0.2539395892824235, "think.v.01": 0.08267152608869147}