{"obviously.r.01": 0.17606698513658098, "suffer.v.02": 0.02505045704615011}