{"": 0.19869468552331399, "greece.n.02": 0.09931563405391727, "memory.n.05": 0.016025127522884652}