{"": 0.2544712214588292, "college.n.01": 0.01758377386687493, "rear.v.02": 0.011256547472923298}