{"": 0.022451910638541517, "unintelligent.a.01": 0.28835996141437037, "shock.n.02": 0.01919591180906821, "hours.n.02": 0.07813075751658743}