{"gunman.n.02": 0.004507156217321701, "fail.v.09": 0.14943772787629545, "": 0.12513516574576133, "think.v.01": 0.062316716282409756}