{"thief.n.01": 0.1814935370442654, "spot.v.05": 0.04501215836408201, "cheating.s.02": 0.038213671154913864}