{"hearing.n.06": 0.12073704761266252, "shining_path.n.01": 0.12741993341970925}