{"happy.s.04": 0.044904047988465035, "workplace.n.01": 0.043002280083076494, "fantastic.s.02": 0.15306282961203715, "seventeen.s.01": 0.062495224140248606}