{"donate.v.01": 0.18764621487861927, "yoke.v.02": 0.03139589121967201}