{"democrat.n.02": 0.05709926904537012, "": 0.014116423279784629, "workplace.n.01": 0.014126963553991886, "absolutely.r.02": 0.21611633979793315, "law.n.06": 0.014117931321379756}