{"workplace.n.01": 0.18838174648929557, "manipulate.v.05": 0.023328457320630658}