{"stick_out.v.01": 0.024450334164423326, "brady.n.02": 0.2506125870623086, "box.v.03": 0.024427759723345432}