{"utah.n.01": 0.1930024669932704, "twenty.s.01": 0.05051228942344449}