{"suffer.v.02": 0.1924539359869089, "manipulate.v.05": 0.03449076329239775}