{"want.v.05": 0.23184130268401304, "controversial.a.01": 0.0629171370077879}