{"": 0.058198431477799795, "democrat.n.02": 0.18105237325892914, "mate.n.06": 0.02807231983997205}