{"participation.n.02": 0.13994005272633625, "trophy.n.02": 0.1295292231922356}