{"vitamin_d.n.01": 0.06841038107872009, "count.v.08": 0.06733498191222166, "operating_room.n.01": 0.07072444374744709, "ox.n.02": 0.09237368936305279, "phosphorus.n.01": 0.06543675416375566, "triiodothyronine.n.01": 0.07757258381259408, "a.n.07": 0.09698103289405594, "uranium.n.01": 0.06180402178030747, "thousand.n.01": 0.05705999760400682, "information_science.n.01": 0.05525398220431771, "osmium.n.01": 0.08985375790368944, "happening.n.01": 0.06940910452836985, "louisiana.n.01": 0.05492722885797388, "great.s.03": 0.056540390060346224, "q.n.01": 0.0689759097556282, "watt.n.01": 0.055961748279591744, "exist.v.01": 0.08781878410425402, "very_well.r.02": 0.0518469010071585, "mutilate.v.03": 0.05582235368047128, "wrong.v.01": 0.0666124680599609, "tap.v.07": 0.08594946605652627, "ti.n.03": 0.06458535559627249}