{"tear.v.03": 0.005861574985842791, "school.v.01": 0.004516979250980348, "": 0.0022703528410686624, "violation.n.02": 0.0023459129789293507, "people.v.02": 0.008459273393431535, "nelson.n.02": 0.002186991787640808, "chitter.v.01": 0.0029105194397220507, "saw.v.01": 0.004117173403615383, "sprinkle.v.03": 0.004252174755307689, "way.n.11": 0.0031035787839957204, "taste.n.03": 0.005786510819658031, "twitch.v.05": 0.0028732152091509727, "respected.s.01": 0.0024841098585616735, "penis.n.01": 0.0028918220915167777, "proud.a.01": 0.002837309599894658, "ago.s.01": 0.0032592747857679107, "loiter.v.01": 0.008491686097950299, "listen.v.02": 0.0022049795111960674, "lindsay.n.02": 0.00219771763867598, "incredible.a.01": 0.0028530922491967897}