{"vitamin_d.n.01": 0.0684105384349823, "count.v.08": 0.06733493636815976, "operating_room.n.01": 0.07072437038788429, "ox.n.02": 0.092373720346353, "phosphorus.n.01": 0.06543650365902337, "triiodothyronine.n.01": 0.07757259485049123, "a.n.07": 0.09698103715153059, "uranium.n.01": 0.06180402774077193, "thousand.n.01": 0.05706000517285059, "information_science.n.01": 0.05525399324221486, "osmium.n.01": 0.08985388468182276, "happening.n.01": 0.06940907009013064, "louisiana.n.01": 0.05492706216874507, "great.s.03": 0.05654037444960591, "q.n.01": 0.06897591401310285, "watt.n.01": 0.05596178344317845, "exist.v.01": 0.08781875691617043, "very_well.r.02": 0.05184694546900165, "mutilate.v.03": 0.055822329443926455, "wrong.v.01": 0.06661218629254922, "tap.v.07": 0.08594936101060165, "ti.n.03": 0.06458538526869942}