{"fuck": 2.076214599725918, "racist": 0.12820333364261075}