{"user": 0.017636977376920306, "stupid": 1.6816828046602885}