{"just": 3.9918202288461164, "url": 0.1944885034027946}