{"user user": 0.023472670201897687, "antifa": 0.01575630017591632, "idiot": 1.5148878148587996, "url": 0.03832281601523853}