{"user": 0.04092883499532401, "stupid": 1.6886517837247934, "fascist": 1.3893177858520611}