{"ass": 0.13881117811305876, "turn": 0.12360670167664234, "racist": 0.09386621238838813, "bitch": 0.10568323836343214, "fool": 0.11051953326946351, "amp": 0.07826464315673909, "white people": 0.1029847863887419}