{"user": 0.017148602218581697, "fascist": 1.3966020555467509, "url": 0.03832281601523853, "trump": 0.025675552913732743, "user user": 0.038856487689434616, "antifa": 0.02263112752779837}