{"sucks": 1.3489757086470497, "url": 0.038322816015238535, "highest": 0.13099207945066368, "worst": 0.16224053923241186, "antifa": 0.015766945090331563}