{"shit": 1.8194525229696683, "just": 3.9890484093606564, "url": 0.40788483468225484}