{"stool.v.04": 1.8402861025323978, "user.n.01": 0.040010695601229385}