{"user.n.01": 0.045703093715311616, "take_out.v.01": 1.6047125647248006}