{"stool.v.04": 0.09380940423352203, "user.n.01": 0.06494389413465818, "sleep_together.v.01": 1.887189989602013}