{"user.n.01": 0.07474269080695442, "idiot.n.01": 2.0205857134963616}