{"user.n.01": 0.052499160998310784, "disgusting.s.01": 1.682911654058249, "disgraceful.s.01": 0.031441213983168625}