{"user.n.01": 0.0713095689596737, "holder.n.03": 1.4646924010335336}