{"user.n.01": 0.06813859412061661, "terror.n.03": 1.5548259506455415}