{"literally.r.02": 0.0575749399786721, "saturated.a.03": 0.09834754700266708, "": 0.04730869387997182, "patriotic.a.01": 0.057490591554613, "socialist.n.01": 0.15347055824366798, "daughter.n.01": 0.04791203717585594, "naming.n.01": 0.05625232419966275, "sitting.s.02": 0.04610453540082318, "speechless.s.01": 0.04963030192667894, "stupidity.n.02": 0.17912038786731235, "monster.n.05": 0.10197901843203482}