{"user.n.01": 0.05722813889000067, "trash.v.01": 1.6663061047733734}