{"user.n.01": 0.08013990437327065, "satan.n.01": 1.6440944966288225}