{"sulfur.n.01": 0.057705528328517317, "phosphorus.n.01": 0.07895013226583976, "triiodothyronine.n.01": 0.06455977918519634, "a.n.07": 0.044466589839730584, "uranium.n.01": 0.0657140736351661, "world_health_organization.n.01": 0.045066879875264684, "helium.n.01": 0.10197777905851704, "delaware.n.04": 0.024250324453509498, "fa.n.01": 0.05119455187351098, "union.n.01": 0.053743655769334146, "thousand.n.01": 0.030415868052150713, "tax.v.04": 0.025296837875941627, "tend.v.01": 0.019985059587470377, "stop_consonant.n.01": 0.03627813657124837, "gold.n.03": 0.059516008581317115, "q.n.01": 0.021960114391122186, "megascopic.s.01": 0.0654176836970026, "nickel.n.01": 0.04502805379720834, "watt.n.01": 0.04902977905486086, "one.s.01": 0.029193447715840856, "exist.v.01": 0.019169385520921053, "liter.n.01": 0.029021080221331763}