{"sulfur.n.01": 0.05770555774379656, "phosphorus.n.01": 0.07895011977724752, "triiodothyronine.n.01": 0.06455977382077832, "a.n.07": 0.04446654639456728, "uranium.n.01": 0.0657140736351661, "world_health_organization.n.01": 0.04506687406763264, "helium.n.01": 0.101977773250885, "delaware.n.04": 0.024250324453509498, "fa.n.01": 0.05119458182866579, "union.n.01": 0.05374366188263102, "thousand.n.01": 0.03041599337473714, "tax.v.04": 0.025296756029217285, "tend.v.01": 0.01998505091770387, "stop_consonant.n.01": 0.03627811670303345, "gold.n.03": 0.059516127790606665, "q.n.01": 0.02196007094595888, "megascopic.s.01": 0.06541775787167164, "nickel.n.01": 0.045027974324348644, "watt.n.01": 0.049029743888120446, "one.s.01": 0.029193441908208814, "exist.v.01": 0.01916935189778808, "liter.n.01": 0.029021080221331763}