{"sleep_together.v.01": 5.870110994204879, "pe.n.01": 0.6469903140634414, "serve.v.09": 0.7051381452285568, "child.n.04": 0.39683471209718846, "frau.n.01": 1.245914095378248}