{"paris": 0.016499695490012366, "sustainable": 0.01989627444262985, "climate": 0.027872762153413746, "deforestation": 1.5353976314228197}