{"harassment retaliation regardless": 0.02608048755239128, "economy insurance": 0.02318309840417154, "classes making": 0.0200324392147373, "aimed improving": 0.017648091660366138, "working environments": 0.026127853064900994, "farming": 0.026230697749611828, "especially cooling": 0.023230653274083395, "renewable electricity": 0.027124142234557922, "reduce": 0.48552140346799955}