{"harassment retaliation regardless": 0.02520475537078416, "economy insurance": 0.020857145018515648, "classes making": 0.0176823761312077, "aimed improving": 0.017648091660366006, "working environments": 0.023819780476912585, "farming": 0.025388445510466498, "especially cooling": 0.02089686084355567, "renewable electricity": 0.02470854461282162, "carbon": 0.1921646020088939, "reduce": 0.42305325834892393}