{"companies": 0.011900144566707573, "paris": 0.01649969549001228, "2020": 0.008699623866840114, "sustainable": 0.015038669996194208, "climate": 0.0278727621534137, "carbon": 0.013518686511661715, "net": 0.31842404426869597}