{"risks": 0.01856212659914796, "incidents discrimination": 0.01790887435557461, "reduce": 0.48387442723864876, "specific topics": 0.01623825811105783, "world working farmers": 0.018451782820737138, "rail": 0.015417206258802255, "transition low": 0.024707110066121307, "co2 emissions": 0.03272987237112797, "employee surveys dive": 0.02422384418349293}