{"paris": 0.016499695490012293, "2020": 0.008699623866840096, "sustainable": 0.01989627444262985, "climate": 0.027872762153413787, "carbon": 0.013518686511661927, "project": 0.8956214293250745, "footprint": 0.013763212598236924}