{"companies": 0.0013453086141830884, "reduce": 0.006849130390204024, "paris": 0.016483260943356122, "sustainable": 0.018808780443520533, "climate": 0.016602884881888238, "transition": 0.0031131041986004132, "low": 0.004840792519889994}