{"paris": 0.01649969549001234, "2020": 0.008699623866840096, "sustainable": 0.019896274442629813, "use": 0.24289552392168043, "climate": 0.027872762153413784, "carbon": 0.013518686511661854, "footprint": 0.013763212598236922}