{"risks": 0.01856212659914802, "incidents discrimination": 0.017908874355574513, "reduce": 0.5677744835370626, "specific topics": 0.016238258111057828, "world working farmers": 0.018451782820737, "rail": 0.015417206258802184, "employees": 0.11444432817033001, "co2 emissions": 0.03997675942747706, "employee surveys dive": 0.024223844183492785}