{"incidents discrimination": 0.017908874355574655, "set ambitious target achieve carbon neutrality global": 0.013515391544003831, "specific topics": 0.016238258111057814, "reduced operational carbon emissions 88 2010 baseline": 0.013503712294926896, "world working farmers": 0.01845178282073703, "rail": 0.015417206258802241, "transition low": 0.022351145510206713, "co2 emissions": 0.025368345469011244, "employee surveys dive": 0.024223844183492764}