{"consumption": 0.03802647606253615, "incidents discrimination": 0.017908874355574544, "specific topics": 0.016238258111057825, "world working farmers": 0.018451782820736968, "rail": 0.01541720625880224, "transition low": 0.027746326247657535, "employees": 0.09569031720352106, "co2 emissions": 0.027402940926858077, "employee surveys dive": 0.02422384418349283}