{"paris": 0.016499695490012373, "energy": 0.03343601229680329, "sustainable": 0.019896274442629886, "use": 0.5326142813704956, "climate": 0.02787276215341374, "carbon": 0.01351868651166211, "footprint": 0.013763212598236929}