{"land": 0.603569654460076, "incidents discrimination": 0.017908874355574533, "reduce": 0.6582194899845705, "specific topics": 0.016238258111057814, "world working farmers": 0.01845178282073708, "rail": 0.015417206258802127, "transition low": 0.03091018405438896, "employees": 0.14089966572096158, "co2 emissions": 0.03997675942747709, "employee surveys dive": 0.024223844183492754}