{"risks": 0.01856212659914802, "incidents discrimination": 0.01790887435557449, "reduce": 0.6019797809874698, "specific topics": 0.016238258111057825, "world working farmers": 0.018451782820737114, "rail": 0.015417206258802081, "transition low": 0.03091018405438896, "employees": 0.14089966572096205, "co2 emissions": 0.03997675942747707, "employee surveys dive": 0.02422384418349277}