{"climate": 0.027363640083442997, "assets": 2.4753507476652077}