{"risks": 0.018562126599147938, "incidents discrimination": 0.017908874355574735, "reduce": 0.601979780987471, "specific topics": 0.016238258111057766, "world working farmers": 0.018451782820737287, "rail": 0.015417206258802028, "transition low": 0.030910184054388848, "employees": 0.13508872057590868, "co2 emissions": 0.03826796060414711, "employee surveys dive": 0.02422384418349264}