{"risks": 0.01856212659914802, "consumption": 0.772151948640458, "incidents discrimination": 0.01790887435557446, "reduce": 0.7035623801855061, "world working farmers": 0.01845178282073702, "transition low": 0.030910184054388983, "employees": 0.13517023160553793, "co2 emissions": 0.03775961608393197, "employee surveys dive": 0.024223844183492785}