{"climate": 0.027451406111452265, "food": 2.3274179380915117, "analysis": 0.24709849568383804}