{"scope": 3.2796981319655303, "reporting": 0.13304961113885305}