{"act": 0.20562252592389732, "data": 0.02786960015435424, "ambitious": 0.02668242171023051, "environmental": 0.04369522141668314, "reduce": 0.4755970213535636}