{"constitution.n.05": 0.058326239528287444, "vitamin_d.n.01": 0.07534336561166147, "picture.v.02": 0.05230807570215814, "sulfur.n.01": 0.04568268676552553, "count.v.08": 0.07142993705596899, "operating_room.n.01": 0.06953458598665485, "ox.n.02": 0.09473896027766457, "phosphorus.n.01": 0.05345659871849795, "triiodothyronine.n.01": 0.059788112640380864, "a.n.07": 0.04541927748944336, "uracil.n.01": 0.044438468368720674, "uranium.n.01": 0.05992289194985041, "controversial.a.01": 0.0432424097775138, "sparta.n.01": 0.04879250133138062, "washington.n.02": 0.04541927748944336, "thousand.n.01": 0.06581169968043571, "en.n.01": 0.06019767602284748, "han.n.01": 0.061482990582784, "osmium.n.01": 0.09860557918940788, "ana.n.02": 0.04761603933908204, "victimize.v.03": 0.05404307266030092, "louisiana.n.01": 0.05345659871849795, "great.s.03": 0.04541927748944336, "exist.v.01": 0.0870383804919673, "planck's_constant.n.01": 0.04597694768068615}