{"sulfur.n.01": 0.04394163837525443, "phosphorus.n.01": 0.055262629909894626, "triiodothyronine.n.01": 0.022334199652008183, "a.n.07": 0.020535483790899815, "uranium.n.01": 0.05192942872152224, "world_health_organization.n.01": 0.04469475782123687, "helium.n.01": 0.11866341184072889, "thousand.n.01": 0.015977329276042115, "lock_in.v.02": 0.01933708841378611, "hem.v.01": 0.01933708841378611, "nobelium.n.01": 0.014797990246198336, "tend.v.01": 0.019945804996869723, "far.s.04": 0.015789954586408292, "time.v.05": 0.012206924041694482, "stop_consonant.n.01": 0.05280999607510037, "convict.n.01": 0.018474587454216946, "q.n.01": 0.020535483790899815, "nickel.n.01": 0.07978933975968883, "watt.n.01": 0.026050752661662232, "one.s.01": 0.02882061040607574, "thousand.s.01": 0.03433780140346951}