{"sulfur.n.01": 0.13720748625234566, "information_technology.n.01": 0.13614187188564786, "fluorine.n.01": 0.38591970049895274, "triiodothyronine.n.01": 0.13490319399090556, "uranium.n.01": 0.1318482536682487, "talk_through_one's_hat.v.01": 0.8068104561942887, "stool.v.04": 1.0352293416339773, "northeast.n.01": 0.17393056414571356, "society.n.04": 0.19488172327856507, "up.s.08": 0.18158259590466816, "nickel.n.01": 0.13265546842015025, "asshole.n.01": 0.26834508274302576, "liter.n.01": 0.12880117447821648, "ben.n.01": 0.13656206277487462, "sleep_together.v.01": 0.972861213353656, "wear.v.09": 0.24414556879976054, "thousand.s.01": 0.4102463229850672, "womanhood.n.02": 0.4172905488766451, "ka.n.01": 0.1744598317163218, "thus.r.02": 0.17126658610989348, "delaware.n.04": 0.1815040351903132}